accept,abnegate
accommodate,aberrational
accompany,inharmonic
accord,aberration
affable,adversely
affection,abhorrently
affiliate,decartelise
affinity,aberration
agree,accidentally
aid,account
aided,adiaphorous
allegiance,adultery
alliance,absoluteness
ally,absoluteness
altruism,abuser
amenable,accidentally
amiable,abhorrently
amicable,agincourt
amigo,adversely
apology,account
appreciate,anonymity
assistant,arm
buddy,bearishness
care,bold
caring,bold
ceremony,bohemianism
charitable,asperity
chat,blanch
civic,arcadian
civil,awkward
closeness,bearishness
collective,circulate
communion,bias
companion,benefactor
compassion,asperity
compromise,callus
concert,bohemianism
confer,appointee
consensus,conflictive
considerate,bold
contribute,appointee
converse,cocksure
cooperate,pussyfoot
counsel,aberration
courteous,awkward
crew,circulate
democracy,barony
dialogue,defeat
discuss,conjure
educate,currycomb
equitable,dirty
familial,dissociated
family,enigmatic
fellow,defiantly
festive,blubberer
forgive,denunciation
friend,defiantly
generous,fresh
grateful,awful
gregarious,cloistered
group,disembarrass
guidance,demoralisation
harmony,dissension
help,disrespect
honest,enigmatic
hospitable,defiantly
hospitality,defiantly
human,bloodless
impartial,benign
inclusive,customised
intimate,inconsequential
justice,can
justly,dissimulation
kin,dissociated
kindly,draconically
kindness,disrespect
law,bewitchment
lawful,enigmatic
learn,inaptitude
love,defiantly
loving,estrangement
loyal,feline
magnanimous,bludger
marriage,disembarrass
member,detached
mutual,dissociated
negotiate,hithermost
nurture,inconvenience
offer,appointee
oneness,divergence
pal,defiantly
participate,detached
partner,defiantly
party,cloistered
pluralism,exiguous
polite,loathly
public,enigmatic
reciprocal,dissociated
recommend,perverted
relationship,dissociated
request,cure
respect,fresh
ritual,fresh
selfless,narcissistic
service,can
share,appreciable
shared,dissociated
sincere,perverted
social,rusticate
solidarity,defiantly
suggest,perverted
support,exercise
talk,misrepresentation
teach,tonsure
team,savouriness
teamwork,inconvenience
thank,complain
together,dissociated
tradition,demurely
treatise,misrepresentation
treaty,exposure
tribe,misrepresentation
trust,thoughtless
truth,feline
unify,disembarrass
united,slough
unity,dissension
unselfish,narcissistic
voluntary,uncommitted
welcome,defiantly
welfare,measles
